Dataset_ID,Value_1,Value_2,Value_3,Value_4,Value_5,Value_6,Value_7,Value_8
Dataset_1,0.446290380008298,20.5,3406.375,0.264039192596506,0.0105243284437209,10.6701772412022,0.264039192596506,0.500003669590107
Dataset_2,0.877129122029308,20.5,3230.7,0.537545841509904,0.0245036165473931,11.0811201906708,0.537545841509904,0.500003869130529
